KlAddrFamily	enum	sockaddr.h
KlAllocator	struct	allocator.h
KlAsyncFn	callback	async.h
KlAsyncOp	struct	async.h
KlCidr	struct	proxy_protocol.h
KlCompress	struct	compress.h
KlCompressConfig	struct	compress.h
KlCompressCtx	opaque	compress.h
KlCompressFactory	callback	compress.h
KlConnectArmDeadlineFn	callback	connect_op.h
KlConnectArmDelayFn	callback	connect_op.h
KlConnectAttemptCancelFn	callback	connect_op.h
KlConnectAttemptFn	callback	connect_op.h
KlConnectCancelDeadlineFn	callback	connect_op.h
KlConnectCancelDelayFn	callback	connect_op.h
KlConnectDetachFn	callback	connect_op.h
KlConnectDisposeFn	callback	connect_op.h
KlConnectDoneFn	callback	connect_op.h
KlConnectOp	opaque	connect_op.h
KlConnectOpHooks	struct	connect_op.h
KlConnectOpState	enum	connect_op.h
KlConnectResolveCancelFn	callback	connect_op.h
KlConnectResolveFn	callback	connect_op.h
KlConnectResult	enum	connect_op.h
KlDatagram	opaque	datagram.h
KlDatagramBatch	opaque	datagram_batch.h
KlDatagramCloseFn	callback	datagram.h
KlDatagramCloseResult	enum	datagram.h
KlDatagramConfig	struct	datagram.h
KlDatagramDrainFn	callback	datagram.h
KlDatagramMessage	struct	datagram.h
KlDatagramOps	struct	socket_dgram.h
KlDatagramQueuePolicy	enum	datagram.h
KlDatagramRecvFn	callback	datagram.h
KlDatagramRecvSegmentsFn	callback	datagram_batch.h
KlDatagramSendStatus	enum	datagram.h
KlDatagramSocketConfig	struct	datagram.h
KlDatagramWritableFn	callback	datagram.h
KlDecompress	struct	decompress.h
KlDecompressConfig	struct	decompress.h
KlDecompressFactory	callback	decompress.h
KlDecompressStream	struct	decompress.h
KlDgramBatchDir	enum	datagram_batch.h
KlDgramCloseState	enum	datagram.h
KlDgramRxMeta	struct	socket_dgram.h
KlDgramRxSlot	struct	socket_dgram.h
KlDgramTxDesc	struct	socket_dgram.h
KlDnsResolverConfig	struct	dns_resolver.h
KlDrain	struct	drain.h
KlDrainCb	callback	drain.h
KlDrainWriteFn	callback	drain.h
KlError	enum	error.h
KlEvent	struct	event.h
KlEventCtx	struct	event_ctx.h
KlEventLoop	struct	event.h
KlEventMask	enum	event.h
KlEventOps	struct	event.h
KlEventProvider	struct	event.h
KlFileIO	struct	file_io.h
KlFileIOResult	struct	file_io.h
KlHttp1ChunkedDecoder	struct	http1_chunked.h
KlHttp1ChunkedState	enum	http1_chunked.h
KlHttp1ParseResult	enum	http1_parser.h
KlHttp1Parser	alias	http1_parser.h
KlHttp1ParserFactory	callback	http_server.h
KlHttp1RequestParser	struct	http1_parser.h
KlHttp1ResponseParser	struct	http1_parser.h
KlHttp1ResponseParserFactory	callback	http1_parser.h
KlHttp2ClientCallbacks	struct	http2_client.h
KlHttp2ClientConfig	struct	http2_client.h
KlHttp2ClientConn	opaque	http2_client.h
KlHttp2ClientErrorFn	callback	http2_client.h
KlHttp2ClientHeader	struct	http2_client.h
KlHttp2ClientResponse	struct	http2_client.h
KlHttp2ClientResponseFn	callback	http2_client.h
KlHttp2ClientSession	struct	http2_client.h
KlHttp2ClientSessionFactory	callback	http2_client.h
KlHttp2ClientStream	opaque	http2_client.h
KlHttp2ServerCallbacks	struct	http2_server.h
KlHttp2ServerConfig	struct	http2_server.h
KlHttp2ServerConn	opaque	http2_server.h
KlHttp2ServerSession	struct	http2_server.h
KlHttp2ServerSessionFactory	callback	http2_server.h
KlHttp2ServerStream	opaque	http2_server.h
KlHttpAccessLogFn	callback	http_server.h
KlHttpBodyMode	enum	http_response.h
KlHttpBodyReader	struct	http_body_reader.h
KlHttpBodyReaderFactory	callback	http_body_reader.h
KlHttpBufReader	struct	http_body_reader.h
KlHttpClient	opaque	http_client.h
KlHttpClientBodyFn	callback	http_client.h
KlHttpClientConfig	struct	http_client.h
KlHttpClientDoneFn	callback	http_client.h
KlHttpClientHeader	struct	http_client.h
KlHttpClientHeadersFn	callback	http_client.h
KlHttpClientPool	struct	http_client_pool.h
KlHttpClientPoolConfig	struct	http_client_pool.h
KlHttpClientPoolConn	struct	http_client_pool.h
KlHttpClientPoolEntry	struct	http_client_pool.h
KlHttpClientReadFn	callback	http_client.h
KlHttpClientResponse	struct	http_client.h
KlHttpClientStreamCfg	struct	http_client.h
KlHttpCompressStream	struct	http_compress.h
KlHttpConn	struct	http_connection.h
KlHttpConnPool	struct	http_connection.h
KlHttpConnState	enum	http_connection.h
KlHttpCorsConfig	struct	http_cors.h
KlHttpHandler	callback	http_router.h
KlHttpMiddleware	callback	http_router.h
KlHttpMiddlewareEntry	struct	http_router.h
KlHttpMultipartConfig	struct	http_body_reader_multipart.h
KlHttpMultipartErrorCode	enum	http_body_reader_multipart.h
KlHttpMultipartEvent	enum	http_body_reader_multipart.h
KlHttpMultipartPartMeta	struct	http_body_reader_multipart.h
KlHttpMultipartReader	opaque	http_body_reader_multipart.h
KlHttpParam	struct	http_request.h
KlHttpProxyConfig	struct	http_client.h
KlHttpRedirectClient	opaque	http_redirect.h
KlHttpRedirectConfig	struct	http_redirect.h
KlHttpRedirectDoneFn	callback	http_redirect.h
KlHttpRequest	struct	http_request.h
KlHttpResponse	struct	http_response.h
KlHttpResponseWriteFn	callback	http_response.h
KlHttpRoute	struct	http_router.h
KlHttpRouter	struct	http_router.h
KlHttpServer	struct	http_server.h
KlHttpServerConfig	struct	http_server.h
KlHttpServerLogFn	callback	http_server.h
KlHttpServerStats	struct	http_server.h
KlHttpServerTransport	enum	http_server.h
KlHttpSse	struct	http_sse.h
KlIoStatus	enum	socket.h
KlIoVec	struct	socket.h
KlListener	opaque	listener.h
KlListenerAcceptFn	callback	listener.h
KlListenerArmFn	callback	listener.h
KlListenerCancelFn	callback	listener.h
KlListenerCloseFn	callback	listener.h
KlListenerDisarmFn	callback	listener.h
KlListenerDisposeFn	callback	listener.h
KlListenerHooks	struct	listener.h
KlListenerState	enum	listener.h
KlPeerCert	struct	tls.h
KlPeerCred	struct	http_server.h
KlPlatformCap	enum	http_server.h
KlProxyResult	enum	proxy_protocol.h
KlResolveDoneFn	callback	resolver.h
KlResolveReq	struct	resolver.h
KlResolveResult	struct	resolver.h
KlResolver	struct	resolver.h
KlResolverCacheConfig	struct	resolver_cache.h
KlSlotLease	struct	listener.h
KlSlotReleaseFn	callback	listener.h
KlSlotReserveFn	callback	listener.h
KlSockAddr	struct	sockaddr.h
KlSocketHandle	alias	handle.h
KlSocketOps	struct	socket.h
KlSocketProvider	struct	socket.h
KlStream	opaque	stream.h
KlStreamCancelFn	callback	stream.h
KlStreamCloseFn	callback	stream.h
KlStreamCloseState	enum	stream.h
KlStreamReadArmFn	callback	stream.h
KlStreamReadDeliverFn	callback	stream.h
KlStreamReadDisarmFn	callback	stream.h
KlStreamSubmitFn	callback	stream.h
KlStreamWriteFn	callback	stream.h
KlStreamWriteStatus	enum	stream.h
KlThreadPool	opaque	thread_pool.h
KlThreadPoolConfig	struct	thread_pool.h
KlTimerEntry	struct	timer.h
KlTimerFn	callback	timer.h
KlTls	struct	tls.h
KlTlsConfig	struct	tls.h
KlTlsCtx	opaque	tls.h
KlTlsFactory	callback	tls.h
KlTlsResult	enum	tls.h
KlUrl	struct	url.h
KlWatcher	struct	event_ctx.h
KlWatcherFn	callback	event_ctx.h
KlWorkCancelFn	callback	thread_pool.h
KlWorkDoneFn	callback	thread_pool.h
KlWorkFn	callback	thread_pool.h
KlWorkItem	struct	thread_pool.h
KlWsClientCallbacks	struct	websocket_client.h
KlWsClientConfig	struct	websocket_client.h
KlWsClientConn	opaque	websocket_client.h
KlWsFrameParseState	enum	websocket.h
KlWsFrameParser	struct	websocket.h
KlWsServerCallbacks	struct	websocket_server.h
KlWsServerConfig	struct	websocket_server.h
KlWsServerConn	struct	websocket_server.h
kl_ssize_t	alias	handle.h
